word,puzzle_id,variant,date,flagged
cigar,0,,2021-06-19,True
rebut,1,,2021-06-20,False
sissy,2,,2021-06-21,False
humph,3,,2021-06-22,False
awake,4,,2021-06-23,True
blush,5,,2021-06-24,False
focal,6,,2021-06-25,False
evade,7,,2021-06-26,False
naval,8,,2021-06-27,False
serve,9,,2021-06-28,False
heath,10,,2021-06-29,False
dwarf,11,,2021-06-30,False
model,12,,2021-07-01,False
karma,13,,2021-07-02,False
stink,14,,2021-07-03,False
grade,15,,2021-07-04,True
quiet,16,,2021-07-05,False
bench,17,,2021-07-06,False
abate,18,,2021-07-07,False
feign,19,,2021-07-08,False
major,20,,2021-07-09,False
death,21,,2021-07-10,False
fresh,22,,2021-07-11,False
crust,23,,2021-07-12,False
stool,24,,2021-07-13,False
colon,25,,2021-07-14,False
abase,26,,2021-07-15,False
marry,27,,2021-07-16,False
react,28,,2021-07-17,False
batty,29,,2021-07-18,False
pride,30,,2021-07-19,False
floss,31,,2021-07-20,False
helix,32,,2021-07-21,False
croak,33,,2021-07-22,False
staff,34,,2021-07-23,False
paper,35,,2021-07-24,False
unfed,36,,2021-07-25,False
whelp,37,,2021-07-26,False
trawl,38,,2021-07-27,False
outdo,39,,2021-07-28,False
adobe,40,,2021-07-29,False
crazy,41,,2021-07-30,False
sower,42,,2021-07-31,False
repay,43,,2021-08-01,False
digit,44,,2021-08-02,False
crate,45,,2021-08-03,False
cluck,46,,2021-08-04,False
spike,47,,2021-08-05,False
mimic,48,,2021-08-06,False
pound,49,,2021-08-07,False
maxim,50,,2021-08-08,False
linen,51,,2021-08-09,True
unmet,52,,2021-08-10,False
flesh,53,,2021-08-11,False
booby,54,,2021-08-12,False
forth,55,,2021-08-13,False
first,56,,2021-08-14,False
stand,57,,2021-08-15,True
belly,58,,2021-08-16,False
ivory,59,,2021-08-17,True
seedy,60,,2021-08-18,False
print,61,,2021-08-19,False
yearn,62,,2021-08-20,False
drain,63,,2021-08-21,False
bribe,64,,2021-08-22,False
stout,65,,2021-08-23,True
panel,66,,2021-08-24,False
crass,67,,2021-08-25,False
flume,68,,2021-08-26,True
offal,69,,2021-08-27,False
agree,70,,2021-08-28,True
error,71,,2021-08-29,False
swirl,72,,2021-08-30,False
argue,73,,2021-08-31,False
bleed,74,,2021-09-01,False
delta,75,,2021-09-02,False
flick,76,,2021-09-03,False
totem,77,,2021-09-04,False
wooer,78,,2021-09-05,False
front,79,,2021-09-06,False
shrub,80,,2021-09-07,False
parry,81,,2021-09-08,False
biome,82,,2021-09-09,False
lapel,83,,2021-09-10,False
start,84,,2021-09-11,False
greet,85,,2021-09-12,False
goner,86,,2021-09-13,False
golem,87,,2021-09-14,False
lusty,88,,2021-09-15,False
loopy,89,,2021-09-16,False
round,90,,2021-09-17,False
audit,91,,2021-09-18,False
lying,92,,2021-09-19,False
gamma,93,,2021-09-20,False
labor,94,,2021-09-21,False
islet,95,,2021-09-22,False
civic,96,,2021-09-23,False
forge,97,,2021-09-24,False
corny,98,,2021-09-25,False
moult,99,,2021-09-26,False
basic,100,,2021-09-27,False
salad,101,,2021-09-28,False
agate,102,,2021-09-29,False
spicy,103,,2021-09-30,False
spray,104,,2021-10-01,False
essay,105,,2021-10-02,False
fjord,106,,2021-10-03,False
spend,107,,2021-10-04,False
kebab,108,,2021-10-05,False
guild,109,,2021-10-06,False
aback,110,,2021-10-07,False
motor,111,,2021-10-08,False
alone,112,,2021-10-09,False
hatch,113,,2021-10-10,False
hyper,114,,2021-10-11,False
thumb,115,,2021-10-12,True
dowry,116,,2021-10-13,False
ought,117,,2021-10-14,False
belch,118,,2021-10-15,False
dutch,119,,2021-10-16,False
pilot,120,,2021-10-17,False
tweed,121,,2021-10-18,False
comet,122,,2021-10-19,True
jaunt,123,,2021-10-20,False
enema,124,,2021-10-21,False
steed,125,,2021-10-22,False
abyss,126,,2021-10-23,False
growl,127,,2021-10-24,False
fling,128,,2021-10-25,False
dozen,129,,2021-10-26,False
boozy,130,,2021-10-27,False
erode,131,,2021-10-28,False
world,132,,2021-10-29,False
gouge,133,,2021-10-30,False
click,134,,2021-10-31,False
briar,135,,2021-11-01,False
great,136,,2021-11-02,False
altar,137,,2021-11-03,False
pulpy,138,,2021-11-04,False
blurt,139,,2021-11-05,False
coast,140,,2021-11-06,False
duchy,141,,2021-11-07,False
groin,142,,2021-11-08,False
fixer,143,,2021-11-09,False
group,144,,2021-11-10,False
rogue,145,,2021-11-11,False
badly,146,,2021-11-12,False
smart,147,,2021-11-13,False
pithy,148,,2021-11-14,False
gaudy,149,,2021-11-15,False
chill,150,,2021-11-16,False
heron,151,,2021-11-17,False
vodka,152,,2021-11-18,False
finer,153,,2021-11-19,False
surer,154,,2021-11-20,False
radio,155,,2021-11-21,False
rouge,156,,2021-11-22,False
perch,157,,2021-11-23,False
retch,158,,2021-11-24,False
wrote,159,,2021-11-25,False
clock,160,,2021-11-26,True
tilde,161,,2021-11-27,False
store,162,,2021-11-28,False
prove,163,,2021-11-29,False
bring,164,,2021-11-30,True
solve,165,,2021-12-01,False
cheat,166,,2021-12-02,False
grime,167,,2021-12-03,False
exult,168,,2021-12-04,False
usher,169,,2021-12-05,False
epoch,170,,2021-12-06,False
triad,171,,2021-12-07,False
break,172,,2021-12-08,True
rhino,173,,2021-12-09,False
viral,174,,2021-12-10,False
conic,175,,2021-12-11,False
masse,176,,2021-12-12,False
sonic,177,,2021-12-13,False
vital,178,,2021-12-14,False
trace,179,,2021-12-15,False
using,180,,2021-12-16,False
peach,181,,2021-12-17,False
champ,182,,2021-12-18,False
baton,183,,2021-12-19,True
brake,184,,2021-12-20,False
pluck,185,,2021-12-21,False
craze,186,,2021-12-22,False
gripe,187,,2021-12-23,False
weary,188,,2021-12-24,False
picky,189,,2021-12-25,False
acute,190,,2021-12-26,True
ferry,191,,2021-12-27,False
aside,192,,2021-12-28,False
tapir,193,,2021-12-29,False
troll,194,,2021-12-30,False
unify,195,,2021-12-31,False
rebus,196,,2022-01-01,False
boost,197,,2022-01-02,False
truss,198,,2022-01-03,False
siege,199,,2022-01-04,False
tiger,200,,2022-01-05,False
banal,201,,2022-01-06,False
slump,202,,2022-01-07,False
crank,203,,2022-01-08,False
gorge,204,,2022-01-09,False
query,205,,2022-01-10,False
drink,206,,2022-01-11,False
favor,207,,2022-01-12,False
abbey,208,,2022-01-13,False
tangy,209,,2022-01-14,False
panic,210,,2022-01-15,False
solar,211,,2022-01-16,False
shire,212,,2022-01-17,False
proxy,213,,2022-01-18,False
point,214,,2022-01-19,False
robot,215,,2022-01-20,False
prick,216,,2022-01-21,False
wince,217,,2022-01-22,False
crimp,218,,2022-01-23,False
knoll,219,,2022-01-24,False
sugar,220,,2022-01-25,False
whack,221,,2022-01-26,False
mount,222,,2022-01-27,False
perky,223,,2022-01-28,False
could,224,,2022-01-29,False
wrung,225,,2022-01-30,False
light,226,,2022-01-31,False
those,227,,2022-02-01,False
moist,228,,2022-02-02,False
shard,229,,2022-02-03,False
pleat,230,,2022-02-04,False
aloft,231,,2022-02-05,False
skill,232,,2022-02-06,False
elder,233,,2022-02-07,False
frame,234,,2022-02-08,False
humor,235,,2022-02-09,False
pause,236,,2022-02-10,False
ulcer,237,,2022-02-11,False
ultra,238,,2022-02-12,False
robin,239,,2022-02-13,False
cynic,240,,2022-02-14,False
agora,241,a,2022-02-15,False
aroma,241,b,2022-02-15,False
caulk,242,,2022-02-16,False
shake,243,,2022-02-17,False
dodge,244,,2022-02-18,False
swill,245,,2022-02-19,False
tacit,246,,2022-02-20,False
other,247,,2022-02-21,False
thorn,248,,2022-02-22,False
trove,249,,2022-02-23,False
bloke,250,,2022-02-24,False
vivid,251,,2022-02-25,False
spill,252,,2022-02-26,False
chant,253,,2022-02-27,False
choke,254,,2022-02-28,False
rupee,255,,2022-03-01,False
nasty,256,,2022-03-02,False
mourn,257,,2022-03-03,False
ahead,258,,2022-03-04,False
brine,259,,2022-03-05,False
cloth,260,,2022-03-06,False
hoard,261,,2022-03-07,False
sweet,262,,2022-03-08,False
month,263,,2022-03-09,False
lapse,264,,2022-03-10,False
watch,265,,2022-03-11,False
today,266,,2022-03-12,False
focus,267,,2022-03-13,False
smelt,268,,2022-03-14,False
tease,269,,2022-03-15,False
cater,270,,2022-03-16,False
movie,271,,2022-03-17,False
saute,272,,2022-03-18,False
allow,273,,2022-03-19,False
renew,274,,2022-03-20,False
their,275,,2022-03-21,False
slosh,276,,2022-03-22,False
purge,277,,2022-03-23,False
chest,278,,2022-03-24,False
depot,279,,2022-03-25,False
epoxy,280,,2022-03-26,False
nymph,281,,2022-03-27,False
found,282,,2022-03-28,False
shall,283,,2022-03-29,False
stove,284,b,2022-03-30,False
harry,284,a,2022-03-30,False
lowly,285,,2022-03-31,False
snout,286,,2022-04-01,False
trope,287,,2022-04-02,False
fewer,288,,2022-04-03,False
shawl,289,,2022-04-04,False
natal,290,,2022-04-05,False
comma,291,,2022-04-06,False
foray,292,,2022-04-07,False
scare,293,,2022-04-08,False
stair,294,,2022-04-09,False
black,295,,2022-04-10,False
squad,296,,2022-04-11,True
royal,297,,2022-04-12,False
chunk,298,,2022-04-13,False
mince,299,,2022-04-14,False
shame,300,,2022-04-15,False
cheek,301,,2022-04-16,False
ample,302,,2022-04-17,False
flair,303,,2022-04-18,False
foyer,304,,2022-04-19,False
cargo,305,,2022-04-20,False
oxide,306,,2022-04-21,False
plant,307,,2022-04-22,False
olive,308,,2022-04-23,False
inert,309,,2022-04-24,False
askew,310,,2022-04-25,False
heist,311,,2022-04-26,False
shown,312,,2022-04-27,False
zesty,313,,2022-04-28,False
trash,314,,2022-04-29,False
larva,315,,2022-04-30,False
forgo,316,,2022-05-01,False
story,317,,2022-05-02,False
hairy,318,,2022-05-03,False
train,319,,2022-05-04,False
homer,320,,2022-05-05,False
badge,321,,2022-05-06,False
midst,322,,2022-05-07,False
canny,323,,2022-05-08,False
fetus,324,a,2022-05-09,False
shine,324,b,2022-05-09,False
butch,325,a,2022-05-10,False
gecko,325,b,2022-05-10,False
farce,326,,2022-05-11,False
slung,327,,2022-05-12,False
tipsy,328,,2022-05-13,False
metal,329,,2022-05-14,False
yield,330,,2022-05-15,False
delve,331,,2022-05-16,False
being,332,,2022-05-17,False
scour,333,,2022-05-18,False
glass,334,,2022-05-19,False
gamer,335,,2022-05-20,False
scrap,336,,2022-05-21,False
money,337,,2022-05-22,False
hinge,338,,2022-05-23,False
album,339,,2022-05-24,False
vouch,340,,2022-05-25,False
asset,341,,2022-05-26,False
tiara,342,,2022-05-27,False
crept,343,,2022-05-28,False
bayou,344,,2022-05-29,False
atoll,345,,2022-05-30,False
manor,346,,2022-05-31,False
creak,347,,2022-06-01,False
showy,348,,2022-06-02,False
phase,349,,2022-06-03,False
froth,350,,2022-06-04,False
depth,351,,2022-06-05,False
gloom,352,,2022-06-06,False
flood,353,,2022-06-07,False
trait,354,,2022-06-08,False
girth,355,,2022-06-09,False
piety,356,,2022-06-10,False
goose,357,,2022-06-11,False
float,358,,2022-06-12,False
donor,359,,2022-06-13,False
atone,360,,2022-06-14,False
primo,361,,2022-06-15,False
apron,362,,2022-06-16,False
blown,363,,2022-06-17,False
cacao,364,,2022-06-18,False
loser,365,,2022-06-19,False
input,366,,2022-06-20,False
gloat,367,,2022-06-21,False
awful,368,,2022-06-22,False
brink,369,,2022-06-23,False
smite,370,,2022-06-24,False
beady,371,,2022-06-25,False
rusty,372,,2022-06-26,False
retro,373,,2022-06-27,False
droll,374,,2022-06-28,False
gawky,375,,2022-06-29,False
hutch,376,,2022-06-30,False
pinto,377,,2022-07-01,False
egret,378,,2022-07-02,False
lilac,379,,2022-07-03,False
sever,380,,2022-07-04,False
field,381,,2022-07-05,False
fluff,382,,2022-07-06,False
agape,383,,2022-07-07,False
voice,384,,2022-07-08,False
stead,385,,2022-07-09,False
berth,386,,2022-07-10,False
madam,387,,2022-07-11,False
night,388,,2022-07-12,False
bland,389,,2022-07-13,False
liver,390,,2022-07-14,False
wedge,391,,2022-07-15,False
roomy,392,,2022-07-16,False
wacky,393,,2022-07-17,False
flock,394,,2022-07-18,False
angry,395,,2022-07-19,False
trite,396,,2022-07-20,False
aphid,397,,2022-07-21,False
tryst,398,,2022-07-22,False
midge,399,,2022-07-23,False
power,400,,2022-07-24,False
elope,401,,2022-07-25,False
cinch,402,,2022-07-26,False
motto,403,,2022-07-27,False
stomp,404,,2022-07-28,False
upset,405,,2022-07-29,False
bluff,406,,2022-07-30,False
cramp,407,,2022-07-31,False
quart,408,,2022-08-01,False
coyly,409,,2022-08-02,False
youth,410,,2022-08-03,False
rhyme,411,,2022-08-04,False
buggy,412,,2022-08-05,False
alien,413,,2022-08-06,False
smear,414,,2022-08-07,False
unfit,415,,2022-08-08,False
patty,416,,2022-08-09,False
cling,417,,2022-08-10,False
glean,418,,2022-08-11,False
label,419,,2022-08-12,False
hunky,420,,2022-08-13,False
khaki,421,,2022-08-14,False
poker,422,,2022-08-15,False
gruel,423,,2022-08-16,False
twice,424,,2022-08-17,False
twang,425,,2022-08-18,False
shrug,426,,2022-08-19,False
treat,427,,2022-08-20,False
waste,428,,2022-08-21,False
merit,429,,2022-08-22,False
woven,430,,2022-08-23,False
needy,431,,2022-08-24,False
clown,432,,2022-08-25,False
irony,433,,2022-08-26,False
ruder,434,,2022-08-27,False
gauze,435,,2022-08-28,False
chief,436,,2022-08-29,False
onset,437,,2022-08-30,False
prize,438,,2022-08-31,False
fungi,439,,2022-09-01,False
charm,440,,2022-09-02,False
gully,441,,2022-09-03,False
inter,442,,2022-09-04,False
whoop,443,,2022-09-05,False
taunt,444,,2022-09-06,False
leery,445,,2022-09-07,False
class,446,,2022-09-08,False
theme,447,,2022-09-09,False
lofty,448,,2022-09-10,False
tibia,449,,2022-09-11,False
booze,450,,2022-09-12,False
alpha,451,,2022-09-13,False
thyme,452,,2022-09-14,False
doubt,453,,2022-09-15,False
parer,454,,2022-09-16,False
chute,455,,2022-09-17,False
stick,456,,2022-09-18,False
trice,457,,2022-09-19,False
alike,458,,2022-09-20,False
recap,459,,2022-09-21,False
saint,460,,2022-09-22,False
glory,461,,2022-09-23,False
grate,462,,2022-09-24,False
admit,463,,2022-09-25,False
brisk,464,,2022-09-26,False
soggy,465,,2022-09-27,False
usurp,466,,2022-09-28,False
scald,467,,2022-09-29,False
scorn,468,,2022-09-30,False
leave,469,,2022-10-01,False
twine,470,,2022-10-02,False
sting,471,,2022-10-03,False
bough,472,,2022-10-04,False
marsh,473,,2022-10-05,False
sloth,474,,2022-10-06,False
dandy,475,,2022-10-07,False
vigor,476,,2022-10-08,False
howdy,477,,2022-10-09,False
enjoy,478,,2022-10-10,False
valid,479,,2022-10-11,False
ionic,480,,2022-10-12,False
equal,481,,2022-10-13,False
floor,482,,2022-10-14,False
catch,483,,2022-10-15,False
spade,484,,2022-10-16,False
stein,485,,2022-10-17,False
exist,486,,2022-10-18,False
quirk,487,,2022-10-19,False
denim,488,,2022-10-20,False
grove,489,,2022-10-21,False
spiel,490,,2022-10-22,False
mummy,491,,2022-10-23,False
fault,492,,2022-10-24,False
foggy,493,,2022-10-25,False
flout,494,,2022-10-26,False
carry,495,,2022-10-27,False
sneak,496,,2022-10-28,False
libel,497,,2022-10-29,False
waltz,498,,2022-10-30,False
aptly,499,,2022-10-31,False
piney,500,,2022-11-01,False
inept,501,,2022-11-02,False
aloud,502,,2022-11-03,False
photo,503,,2022-11-04,False
dream,504,,2022-11-05,False
stale,505,,2022-11-06,False
begin,506,,2022-11-07,False
spell,507,,2022-11-08,False
rainy,508,,2022-11-09,False
unite,509,,2022-11-10,False
medal,510,,2022-11-11,False
valet,511,,2022-11-12,False
inane,512,,2022-11-13,False
maple,513,,2022-11-14,False
snarl,514,,2022-11-15,False
baker,515,,2022-11-16,False
there,516,,2022-11-17,False
glyph,517,,2022-11-18,False
avert,518,,2022-11-19,False
brave,519,,2022-11-20,False
axiom,520,,2022-11-21,False
prime,521,,2022-11-22,False
drive,522,,2022-11-23,False
feast,523,,2022-11-24,False
itchy,524,,2022-11-25,False
clean,525,,2022-11-26,False
happy,526,,2022-11-27,False
tepid,527,,2022-11-28,False
undue,528,,2022-11-29,False
study,529,,2022-11-30,False
eject,530,,2022-12-01,False
chafe,531,,2022-12-02,False
torso,532,,2022-12-03,False
adore,533,,2022-12-04,False
woken,534,,2022-12-05,False
amber,535,,2022-12-06,False
joust,536,,2022-12-07,False
infer,537,,2022-12-08,False
braid,538,,2022-12-09,False
knock,539,,2022-12-10,False
naive,540,,2022-12-11,False
apply,541,,2022-12-12,False
spoke,542,,2022-12-13,False
usual,543,,2022-12-14,False
rival,544,,2022-12-15,False
probe,545,,2022-12-16,False
chord,546,,2022-12-17,False
taper,547,,2022-12-18,False
slate,548,,2022-12-19,False
third,549,,2022-12-20,False
lunar,550,,2022-12-21,False
excel,551,,2022-12-22,False
aorta,552,,2022-12-23,False
poise,553,,2022-12-24,False
extra,554,,2022-12-25,False
judge,555,,2022-12-26,False
condo,556,,2022-12-27,False
impel,557,,2022-12-28,False
havoc,558,,2022-12-29,False
molar,559,,2022-12-30,False
manly,560,,2022-12-31,False
whine,561,,2023-01-01,False
skirt,562,,2023-01-02,False
antic,563,,2023-01-03,False
layer,564,,2023-01-04,False
sleek,565,,2023-01-05,False
belie,566,,2023-01-06,False
lemon,567,,2023-01-07,False
opera,568,,2023-01-08,False
pixie,569,,2023-01-09,False
grimy,570,,2023-01-10,False
sedan,571,,2023-01-11,False
leapt,572,,2023-01-12,False
human,573,,2023-01-13,False
koala,574,,2023-01-14,False
spire,575,,2023-01-15,False
frock,576,,2023-01-16,False
adopt,577,,2023-01-17,False
chard,578,,2023-01-18,False
mucky,579,,2023-01-19,False
alter,580,,2023-01-20,False
blurb,581,,2023-01-21,False
matey,582,,2023-01-22,False
elude,583,,2023-01-23,False
count,584,,2023-01-24,False
maize,585,,2023-01-25,False
beefy,586,,2023-01-26,False
worry,587,,2023-01-27,False
flirt,588,,2023-01-28,False
fishy,589,,2023-01-29,False
crave,590,,2023-01-30,False
cross,591,,2023-01-31,False
scold,592,,2023-02-01,False
shirk,593,,2023-02-02,False
tasty,594,,2023-02-03,False
unlit,595,,2023-02-04,False
dance,596,,2023-02-05,False
ninth,597,,2023-02-06,False
apple,598,,2023-02-07,False
flail,599,,2023-02-08,False
stage,600,,2023-02-09,False
heady,601,,2023-02-10,False
debug,602,,2023-02-11,False
giant,603,,2023-02-12,False
usage,604,,2023-02-13,False
sound,605,,2023-02-14,False
salsa,606,,2023-02-15,False
magic,607,,2023-02-16,False
cache,608,,2023-02-17,False
avail,609,,2023-02-18,False
kiosk,610,,2023-02-19,False
sweat,611,,2023-02-20,False
ruddy,612,,2023-02-21,False
riper,613,,2023-02-22,False
vague,614,,2023-02-23,False
arbor,615,,2023-02-24,False
fifty,616,,2023-02-25,False
syrup,617,,2023-02-26,False
worse,618,,2023-02-27,False
polka,619,,2023-02-28,False
moose,620,,2023-03-01,False
above,621,,2023-03-02,False
squat,622,,2023-03-03,False
trend,623,,2023-03-04,False
toxic,624,,2023-03-05,False
pinky,625,,2023-03-06,False
horse,626,,2023-03-07,False
regal,627,,2023-03-08,False
where,628,,2023-03-09,False
revel,629,,2023-03-10,False
email,630,,2023-03-11,False
birth,631,,2023-03-12,False
blame,632,,2023-03-13,False
surly,633,,2023-03-14,False
sweep,634,,2023-03-15,False
cider,635,,2023-03-16,False
mealy,636,,2023-03-17,False
yacht,637,,2023-03-18,False
credo,638,,2023-03-19,False
glove,639,,2023-03-20,False
tough,640,,2023-03-21,False
duvet,641,,2023-03-22,False
staid,642,,2023-03-23,False
grout,643,,2023-03-24,False
voter,644,,2023-03-25,False
untie,645,,2023-03-26,False
guano,646,,2023-03-27,False
hurry,647,,2023-03-28,False
beset,648,,2023-03-29,False
bread,649,,2023-03-30,False
every,650,,2023-03-31,False
march,651,,2023-04-01,False
stock,652,,2023-04-02,False
flora,653,,2023-04-03,False
ratio,654,,2023-04-04,False
smash,655,,2023-04-05,False
leafy,656,,2023-04-06,False
locus,657,,2023-04-07,False
ledge,658,,2023-04-08,False
snafu,659,,2023-04-09,False
under,660,,2023-04-10,False
qualm,661,,2023-04-11,False
borax,662,,2023-04-12,False
carat,663,,2023-04-13,False
thief,664,,2023-04-14,False
agony,665,,2023-04-15,False
dwelt,666,,2023-04-16,False
whiff,667,,2023-04-17,False
hound,668,,2023-04-18,False
thump,669,,2023-04-19,False
plate,670,,2023-04-20,False
kayak,671,,2023-04-21,False
broke,672,,2023-04-22,False
unzip,673,,2023-04-23,False
ditto,674,,2023-04-24,False
joker,675,,2023-04-25,False
metro,676,,2023-04-26,False
logic,677,,2023-04-27,False
circa,678,,2023-04-28,False
cedar,679,,2023-04-29,False
plaza,680,,2023-04-30,False
range,681,,2023-05-01,False
sulky,682,,2023-05-02,False
horde,683,,2023-05-03,False
guppy,684,,2023-05-04,False
below,685,,2023-05-05,False
anger,686,,2023-05-06,False
ghoul,687,,2023-05-07,False
aglow,688,,2023-05-08,False
cocoa,689,,2023-05-09,False
ethic,690,,2023-05-10,False
broom,691,,2023-05-11,False
snack,692,,2023-05-12,False
acrid,693,,2023-05-13,False
scarf,694,,2023-05-14,False
canoe,695,,2023-05-15,False
latte,696,,2023-05-16,False
plank,697,,2023-05-17,False
shorn,698,,2023-05-18,False
grief,699,,2023-05-19,False
flask,700,,2023-05-20,False
brash,701,,2023-05-21,False
igloo,702,,2023-05-22,False
clerk,703,,2023-05-23,False
utter,704,,2023-05-24,False
bagel,705,,2023-05-25,False
swine,706,,2023-05-26,False
ramen,707,,2023-05-27,False
skimp,708,,2023-05-28,False
mouse,709,,2023-05-29,False
kneel,710,,2023-05-30,False
agile,711,,2023-05-31,False
jazzy,712,,2023-06-01,False
humid,713,,2023-06-02,False
nanny,714,,2023-06-03,False
beast,715,,2023-06-04,False
ennui,716,,2023-06-05,False
scout,717,,2023-06-06,False
hater,718,,2023-06-07,False
crumb,719,,2023-06-08,False
balsa,720,,2023-06-09,False
again,721,,2023-06-10,False
guard,722,,2023-06-11,False
wrong,723,,2023-06-12,False
plunk,724,,2023-06-13,False
crime,725,,2023-06-14,False
maybe,726,,2023-06-15,False
strap,727,,2023-06-16,False
ranch,728,,2023-06-17,False
shyly,729,,2023-06-18,False
kazoo,730,,2023-06-19,False
frost,731,,2023-06-20,False
crane,732,,2023-06-21,False
taste,733,,2023-06-22,False
covet,734,,2023-06-23,False
grand,735,,2023-06-24,False
rodeo,736,,2023-06-25,False
guest,737,,2023-06-26,False
about,738,,2023-06-27,False
tract,739,,2023-06-28,False
diner,740,,2023-06-29,False
straw,741,,2023-06-30,False
bleep,742,,2023-07-01,False
mossy,743,,2023-07-02,False
hotel,744,,2023-07-03,False
irate,745,,2023-07-04,False
venom,746,,2023-07-05,False
windy,747,,2023-07-06,False
donut,748,,2023-07-07,False
cower,749,,2023-07-08,False
enter,750,,2023-07-09,False
folly,751,,2023-07-10,False
earth,752,,2023-07-11,False
whirl,753,,2023-07-12,False
barge,754,,2023-07-13,False
fiend,755,,2023-07-14,False
crone,756,,2023-07-15,False
topaz,757,,2023-07-16,False
droop,758,,2023-07-17,False
flyer,759,,2023-07-18,False
tonic,760,,2023-07-19,False
flank,761,,2023-07-20,False
burly,762,,2023-07-21,False
froze,763,,2023-07-22,False
whale,764,,2023-07-23,False
hobby,765,,2023-07-24,False
wheel,766,,2023-07-25,False
heart,767,,2023-07-26,False
disco,768,,2023-07-27,False
ethos,769,,2023-07-28,False
curly,770,,2023-07-29,False
bathe,771,,2023-07-30,False
style,772,,2023-07-31,False
tenth,773,,2023-08-01,False
beget,774,,2023-08-02,False
party,775,,2023-08-03,False
chart,776,,2023-08-04,False
anode,777,,2023-08-05,False
polyp,778,,2023-08-06,False
brook,779,,2023-08-07,False
bully,780,,2023-08-08,False
lover,781,,2023-08-09,False
empty,782,,2023-08-10,False
hello,783,,2023-08-11,False
quick,784,,2023-08-12,False
wrath,785,,2023-08-13,False
snaky,786,,2023-08-14,False
index,787,,2023-08-15,False
scrub,788,,2023-08-16,False
amiss,789,,2023-08-17,False
exact,790,,2023-08-18,False
magma,791,,2023-08-19,False
quest,792,,2023-08-20,False
beach,793,,2023-08-21,False
spice,794,,2023-08-22,False
verve,795,,2023-08-23,False
wordy,796,,2023-08-24,False
ocean,797,,2023-08-25,False
choir,798,,2023-08-26,False
peace,799,,2023-08-27,False
write,800,,2023-08-28,False
caper,801,,2023-08-29,False
audio,802,,2023-08-30,False
bride,803,,2023-08-31,False
space,804,,2023-09-01,False
onion,805,,2023-09-02,False
await,806,,2023-09-03,False
giddy,807,,2023-09-04,False
birch,808,,2023-09-05,False
gnash,809,,2023-09-06,False
dwell,810,,2023-09-07,False
rouse,811,,2023-09-08,False
lucky,812,,2023-09-09,False
quote,813,,2023-09-10,False
older,814,,2023-09-11,False
whisk,815,,2023-09-12,False
clear,816,,2023-09-13,False
rayon,817,,2023-09-14,False
exert,818,,2023-09-15,False
angel,819,,2023-09-16,False
music,820,,2023-09-17,False
frank,821,,2023-09-18,False
close,822,,2023-09-19,False
snare,823,,2023-09-20,False
stone,824,,2023-09-21,False
brush,825,,2023-09-22,False
carol,826,,2023-09-23,False
right,827,,2023-09-24,False
rocky,828,,2023-09-25,False
loyal,829,,2023-09-26,False
smile,830,,2023-09-27,True
coach,831,,2023-09-28,False
azure,832,,2023-09-29,False
daddy,833,,2023-09-30,False
beret,834,,2023-10-01,False
merry,835,,2023-10-02,False
while,836,,2023-10-03,False
spurt,837,,2023-10-04,False
bunch,838,,2023-10-05,False
chime,839,,2023-10-06,False
viola,840,,2023-10-07,False
binge,841,,2023-10-08,False
truth,842,,2023-10-09,False
snail,843,,2023-10-10,False
skunk,844,,2023-10-11,False
knelt,845,,2023-10-12,False
uncle,846,,2023-10-13,False
agent,847,,2023-10-14,False
leaky,848,,2023-10-15,False
graph,849,,2023-10-16,False
adult,850,,2023-10-17,False
mercy,851,,2023-10-18,False
splat,852,,2023-10-19,False
occur,853,,2023-10-20,False
smirk,854,,2023-10-21,False
given,855,,2023-10-22,False
tempo,856,,2023-10-23,False
cause,857,,2023-10-24,False
retry,858,,2023-10-25,False
pique,859,,2023-10-26,False
noble,860,,2023-10-27,False
mason,861,,2023-10-28,False
phony,862,,2023-10-29,False
grail,863,,2023-10-30,False
bleak,864,,2023-10-31,False
noise,865,,2023-11-01,False
until,866,,2023-11-02,False
ardor,867,,2023-11-03,False
mania,868,,2023-11-04,False
flare,869,,2023-11-05,False
trade,870,,2023-11-06,False
limit,871,,2023-11-07,False
ninja,872,,2023-11-08,False
glaze,873,,2023-11-09,False
leash,874,,2023-11-10,False
actor,875,,2023-11-11,False
meant,876,,2023-11-12,False
green,877,,2023-11-13,False
sassy,878,,2023-11-14,False
sight,879,,2023-11-15,False
trust,880,,2023-11-16,False
tardy,881,,2023-11-17,False
think,882,,2023-11-18,False
queue,883,,2023-11-19,False
candy,884,,2023-11-20,False
piano,885,,2023-11-21,False
pixel,886,,2023-11-22,False
queen,887,,2023-11-23,False
throw,888,,2023-11-24,False
guide,889,,2023-11-25,False
solid,890,,2023-11-26,False
tawny,891,,2023-11-27,False
scope,892,,2023-11-28,False
sushi,893,,2023-11-29,False
resin,894,,2023-11-30,False
taken,895,,2023-12-01,False
genre,896,,2023-12-02,False
adapt,897,,2023-12-03,False
worst,898,,2023-12-04,False
young,899,,2023-12-05,False
woman,900,,2023-12-06,False
sleep,901,,2023-12-07,False
sharp,902,,2023-12-08,False
shift,903,,2023-12-09,False
chain,904,,2023-12-10,False
house,905,,2023-12-11,False
these,906,,2023-12-12,False
spent,907,,2023-12-13,False
would,908,,2023-12-14,False
topic,909,,2023-12-15,False
globe,910,,2023-12-16,False
bacon,911,,2023-12-17,False
funny,912,,2023-12-18,False
table,913,,2023-12-19,False
small,914,,2023-12-20,False
built,915,,2023-12-21,False
touch,916,,2023-12-22,False
slope,917,,2023-12-23,False
grace,918,,2023-12-24,False
evoke,919,,2023-12-25,False
phone,920,,2023-12-26,False
daisy,921,,2023-12-27,False
learn,922,,2023-12-28,False
child,923,,2023-12-29,False
three,924,,2023-12-30,False
salty,925,,2023-12-31,False
mural,926,,2024-01-01,False
aging,927,,2024-01-02,False
twirl,928,,2024-01-03,False
scant,929,,2024-01-04,False
lunge,930,,2024-01-05,False
cable,931,,2024-01-06,False
stony,932,,2024-01-07,False
final,933,,2024-01-08,False
liner,934,,2024-01-09,False
threw,935,,2024-01-10,False
brief,936,,2024-01-11,False
route,937,,2024-01-12,False
heard,938,,2024-01-13,False
doing,939,,2024-01-14,False
lunch,940,,2024-01-15,False
blond,941,,2024-01-16,False
court,942,,2024-01-17,False
stole,943,,2024-01-18,False
thing,944,,2024-01-19,False
large,945,,2024-01-20,False
north,946,,2024-01-21,False
tweak,947,,2024-01-22,False
still,948,,2024-01-23,False
relic,949,,2024-01-24,False
block,950,,2024-01-25,False
aloof,951,,2024-01-26,False
snake,952,,2024-01-27,False
ember,953,,2024-01-28,False
leggy,954,,2024-01-29,False
expel,955,,2024-01-30,False
bulky,956,,2024-01-31,False
alive,957,,2024-02-01,False
cleft,958,,2024-02-02,False
micro,959,,2024-02-03,False
verge,960,,2024-02-04,False
repel,961,,2024-02-05,False
which,962,,2024-02-06,False
after,963,,2024-02-07,False
place,964,,2024-02-08,False
stiff,965,,2024-02-09,False
fried,966,,2024-02-10,False
never,967,,2024-02-11,False
pasta,968,,2024-02-12,False
scram,969,,2024-02-13,False
talon,970,,2024-02-14,False
ascot,971,,2024-02-15,False
stash,972,,2024-02-16,False
psalm,973,,2024-02-17,False
ridge,974,,2024-02-18,False
price,975,,2024-02-19,False
match,976,,2024-02-20,False
build,977,,2024-02-21,False
heavy,978,,2024-02-22,False
apart,979,,2024-02-23,False
piper,980,,2024-02-24,False
smith,981,,2024-02-25,False
often,982,,2024-02-26,False
sense,983,,2024-02-27,False
devil,984,,2024-02-28,False
image,985,,2024-02-29,False
forty,986,,2024-03-01,False
urban,987,,2024-03-02,False
state,988,,2024-03-03,False
flame,989,,2024-03-04,False
hunch,990,,2024-03-05,False
teary,991,,2024-03-06,False
clone,992,,2024-03-07,False
early,993,,2024-03-08,False
cheer,994,,2024-03-09,False
grasp,995,,2024-03-10,False
pesky,996,,2024-03-11,False
heave,997,,2024-03-12,False
local,998,,2024-03-13,False
since,999,,2024-03-14,False
erupt,1000,,2024-03-15,False
toxin,1001,,2024-03-16,False
snort,1002,,2024-03-17,False
spelt,1003,,2024-03-18,False
abide,1004,,2024-03-19,False
lingo,1005,,2024-03-20,False
shade,1006,,2024-03-21,False
decay,1007,,2024-03-22,False
risen,1008,,2024-03-23,False
towel,1009,,2024-03-24,False
sally,1010,,2024-03-25,False
mayor,1011,,2024-03-26,False
stung,1012,,2024-03-27,False
speak,1013,,2024-03-28,False
realm,1014,,2024-03-29,False
force,1015,,2024-03-30,False
taboo,1016,,2024-03-31,False
frond,1017,,2024-04-01,False
serum,1018,,2024-04-02,False
plait,1019,,2024-04-03,False
climb,1020,,2024-04-04,False
wrist,1021,,2024-04-05,False
finch,1022,,2024-04-06,False
voila,1023,,2024-04-07,False
breed,1024,,2024-04-08,False
merge,1025,,2024-04-09,False
broth,1026,,2024-04-10,False
louse,1027,,2024-04-11,False
whiny,1028,,2024-04-12,False
steel,1029,,2024-04-13,False
blimp,1030,,2024-04-14,False
equip,1031,,2024-04-15,False
shank,1032,,2024-04-16,False
tithe,1033,,2024-04-17,False
facet,1034,,2024-04-18,False
raise,1035,,2024-04-19,False
lucid,1036,,2024-04-20,False
jolly,1037,,2024-04-21,False
laser,1038,,2024-04-22,False
rover,1039,,2024-04-23,False
overt,1040,,2024-04-24,False
intro,1041,,2024-04-25,False
vapid,1042,,2024-04-26,False
gleam,1043,,2024-04-27,False
prune,1044,,2024-04-28,False
craft,1045,,2024-04-29,False
prowl,1046,,2024-04-30,False
diary,1047,,2024-05-01,False
slice,1048,,2024-05-02,False
ebony,1049,,2024-05-03,False
value,1050,,2024-05-04,False
decal,1051,,2024-05-05,False
shave,1052,,2024-05-06,False
musty,1053,,2024-05-07,False
pious,1054,,2024-05-08,False
jerky,1055,,2024-05-09,False
media,1056,,2024-05-10,False
tidal,1057,,2024-05-11,False
outer,1058,,2024-05-12,False
cumin,1059,,2024-05-13,False
amass,1060,,2024-05-14,False
pinch,1061,,2024-05-15,False
stall,1062,,2024-05-16,False
tutor,1063,,2024-05-17,False
briny,1064,,2024-05-18,False
hitch,1065,,2024-05-19,False
nicer,1066,,2024-05-20,False
dingo,1067,,2024-05-21,False
exalt,1068,,2024-05-22,False
swish,1069,,2024-05-23,False
glide,1070,,2024-05-24,False
titan,1071,,2024-05-25,False
bevel,1072,,2024-05-26,False
skier,1073,,2024-05-27,False
minus,1074,,2024-05-28,False
papal,1075,,2024-05-29,False
gummy,1076,,2024-05-30,False
chaos,1077,,2024-05-31,False
basin,1078,,2024-06-01,False
bravo,1079,,2024-06-02,False
stark,1080,,2024-06-03,False
groom,1081,,2024-06-04,False
organ,1082,,2024-06-05,False
ether,1083,,2024-06-06,False
melon,1084,,2024-06-07,False
hence,1085,,2024-06-08,False
crowd,1086,,2024-06-09,False
manga,1087,,2024-06-10,False
swung,1088,,2024-06-11,False
deter,1089,,2024-06-12,False
angst,1090,,2024-06-13,False
vault,1091,,2024-06-14,False
proud,1092,,2024-06-15,False
grind,1093,,2024-06-16,False
prior,1094,,2024-06-17,False
cover,1095,,2024-06-18,False
terse,1096,,2024-06-19,False
scent,1097,,2024-06-20,False
paint,1098,,2024-06-21,False
edict,1099,,2024-06-22,False
bugle,1100,,2024-06-23,False
dolly,1101,,2024-06-24,False
savor,1102,,2024-06-25,False
knead,1103,,2024-06-26,False
order,1104,,2024-06-27,False
drove,1105,,2024-06-28,False
zebra,1106,,2024-06-29,False
buddy,1107,,2024-06-30,False
adage,1108,,2024-07-01,False
inlay,1109,,2024-07-02,False
thigh,1110,,2024-07-03,False
debut,1111,,2024-07-04,False
crush,1112,,2024-07-05,False
scoff,1113,,2024-07-06,False
canon,1114,,2024-07-07,False
shape,1115,,2024-07-08,False
blare,1116,,2024-07-09,False
gaunt,1117,,2024-07-10,False
cameo,1118,,2024-07-11,False
jiffy,1119,,2024-07-12,False
enact,1120,,2024-07-13,False
video,1121,,2024-07-14,False
swoon,1122,,2024-07-15,False
decoy,1123,,2024-07-16,False
quite,1124,,2024-07-17,False
nerdy,1125,,2024-07-18,False
refer,1126,,2024-07-19,False
shaft,1127,,2024-07-20,False
speck,1128,,2024-07-21,False
cadet,1129,,2024-07-22,False
prong,1130,,2024-07-23,False
forte,1131,,2024-07-24,False
porch,1132,,2024-07-25,False
awash,1133,,2024-07-26,False
juice,1134,,2024-07-27,False
smock,1135,,2024-07-28,False
super,1136,,2024-07-29,False
feral,1137,,2024-07-30,False
penne,1138,,2024-07-31,False
chalk,1139,,2024-08-01,False
flake,1140,,2024-08-02,False
scale,1141,,2024-08-03,False
lower,1142,,2024-08-04,False
ensue,1143,,2024-08-05,False
anvil,1144,,2024-08-06,False
macaw,1145,,2024-08-07,False
saucy,1146,,2024-08-08,False
ounce,1147,,2024-08-09,False
medic,1148,,2024-08-10,False
scone,1149,,2024-08-11,False
skiff,1150,,2024-08-12,False
neigh,1151,,2024-08-13,False
shore,1152,,2024-08-14,False
acorn,1153,,2024-08-15,False
brace,1154,,2024-08-16,False
storm,1155,,2024-08-17,False
lanky,1156,,2024-08-18,False
meter,1157,,2024-08-19,False
delay,1158,,2024-08-20,False
mulch,1159,,2024-08-21,False
brute,1160,,2024-08-22,False
leech,1161,,2024-08-23,False
filet,1162,,2024-08-24,False
skate,1163,,2024-08-25,False
stake,1164,,2024-08-26,False
crown,1165,,2024-08-27,False
lithe,1166,,2024-08-28,False
flunk,1167,,2024-08-29,False
knave,1168,,2024-08-30,False
spout,1169,,2024-08-31,False
mushy,1170,,2024-09-01,False
camel,1171,,2024-09-02,False
faint,1172,,2024-09-03,False
stern,1173,,2024-09-04,False
widen,1174,,2024-09-05,False
rerun,1175,,2024-09-06,False
owner,1176,,2024-09-07,False
drawn,1177,,2024-09-08,False
debit,1178,,2024-09-09,False
rebel,1179,,2024-09-10,False
aisle,1180,,2024-09-11,False
brass,1181,,2024-09-12,False
harsh,1182,,2024-09-13,False
broad,1183,,2024-09-14,False
recur,1184,,2024-09-15,False
honey,1185,,2024-09-16,False
beaut,1186,,2024-09-17,False
fully,1187,,2024-09-18,False
press,1188,,2024-09-19,False
smoke,1189,,2024-09-20,False
seven,1190,,2024-09-21,False
teach,1191,,2024-09-22,False
steam,1192,,2024-09-23,False
handy,1193,,2024-09-24,False
torch,1194,,2024-09-25,False
thank,1195,,2024-09-26,False
faith,1196,,2024-09-27,False
brain,1197,,2024-09-28,False
rider,1198,,2024-09-29,False
cloud,1199,,2024-09-30,False
modem,1200,,2024-10-01,False
shell,1201,,2024-10-02,False
wagon,1202,,2024-10-03,False
title,1203,,2024-10-04,False
miner,1204,,2024-10-05,False
lager,1205,,2024-10-06,False
flour,1206,,2024-10-07,False
joint,1207,,2024-10-08,False
mommy,1208,,2024-10-09,False
carve,1209,,2024-10-10,False
gusty,1210,,2024-10-11,False
stain,1211,,2024-10-12,False
prone,1212,,2024-10-13,False
gamut,1213,,2024-10-14,False
corer,1214,,2024-10-15,False
grant,1215,,2024-10-16,False
halve,1216,,2024-10-17,False
stint,1217,,2024-10-18,False
fiber,1218,,2024-10-19,False
dicey,1219,,2024-10-20,False
spoon,1220,,2024-10-21,False
shout,1221,,2024-10-22,False
goofy,1222,,2024-10-23,False
bossy,1223,,2024-10-24,False
frown,1224,,2024-10-25,False
wreak,1225,,2024-10-26,False
sandy,1226,,2024-10-27,True
bawdy,1227,,2024-10-28,False
tunic,1228,,2024-10-29,False
easel,1229,,2024-10-30,False
weird,1230,,2024-10-31,False
sixth,1231,,2024-11-01,False
snoop,1232,,2024-11-02,False
blaze,1233,,2024-11-03,False
vinyl,1234,,2024-11-04,False
octet,1235,,2024-11-05,False
truly,1236,,2024-11-06,False
event,1237,,2024-11-07,False
ready,1238,,2024-11-08,False
swell,1239,,2024-11-09,False
inner,1240,,2024-11-10,False
stoic,1241,,2024-11-11,False
flown,1242,,2024-11-12,False
primp,1243,,2024-11-13,False
uvula,1244,,2024-11-14,False
tacky,1245,,2024-11-15,False
visor,1246,,2024-11-16,False
tally,1247,,2024-11-17,False
frail,1248,,2024-11-18,False
going,1249,,2024-11-19,False
niche,1250,,2024-11-20,False
spine,1251,,2024-11-21,False
pearl,1252,,2024-11-22,False
jelly,1253,,2024-11-23,False
twist,1254,,2024-11-24,False
brown,1255,,2024-11-25,False
witch,1256,,2024-11-26,False
slang,1257,,2024-11-27,False
chock,1258,,2024-11-28,False
hippo,1259,,2024-11-29,False
dogma,1260,,2024-11-30,False
mauve,1261,,2024-12-01,False
guile,1262,,2024-12-02,False
shaky,1263,,2024-12-03,False
crypt,1264,,2024-12-04,False
endow,1265,,2024-12-05,False
shove,1266,,2024-12-06,False
hilly,1267,,2024-12-07,False
hyena,1268,,2024-12-08,False
flung,1269,,2024-12-09,False
patio,1270,,2024-12-10,False
plumb,1271,,2024-12-11,False
vying,1272,,2024-12-12,False
boxer,1273,,2024-12-13,False
drool,1274,,2024-12-14,False
funky,1275,,2024-12-15,False
boast,1276,,2024-12-16,False
scowl,1277,,2024-12-17,False
hefty,1278,,2024-12-18,False
stray,1279,,2024-12-19,False
flash,1280,,2024-12-20,False
blade,1281,,2024-12-21,False
brawn,1282,,2024-12-22,False
sauna,1283,,2024-12-23,False
eagle,1284,,2024-12-24,False
share,1285,,2024-12-25,False
affix,1286,,2024-12-26,False
grain,1287,,2024-12-27,False
decry,1288,,2024-12-28,False
mambo,1289,,2024-12-29,False
stare,1290,,2024-12-30,False
lemur,1291,,2024-12-31,False
nerve,1292,,2025-01-01,False
chose,1293,,2025-01-02,False
cheap,1294,,2025-01-03,False
relax,1295,,2025-01-04,False
cyber,1296,,2025-01-05,False
sprig,1297,,2025-01-06,False
atlas,1298,,2025-01-07,False
draft,1299,,2025-01-08,False
wafer,1300,,2025-01-09,False
crawl,1301,,2025-01-10,False
dingy,1302,,2025-01-11,False
total,1303,,2025-01-12,False
cloak,1304,,2025-01-13,False
fancy,1305,,2025-01-14,False
knack,1306,,2025-01-15,False
flint,1307,,2025-01-16,False
prose,1308,,2025-01-17,False
silly,1309,,2025-01-18,False
rower,1310,,2025-01-19,False
squid,1311,,2025-01-20,False
icing,1312,,2025-01-21,False
reach,1313,,2025-01-22,False
upper,1314,,2025-01-23,False
crepe,1315,,2025-01-24,False
crisp,1316,,2025-01-25,False
sunny,1317,,2025-01-26,False
shunt,1318,,2025-01-27,False
fever,1319,,2025-01-28,False
udder,1320,,2025-01-29,False
false,1321,,2025-01-30,False
toast,1322,,2025-01-31,False
rivet,1323,,2025-02-01,False
chore,1324,,2025-02-02,False
revue,1325,,2025-02-03,False
tooth,1326,,2025-02-04,False
pedal,1327,,2025-02-05,False
pupil,1328,,2025-02-06,False
swath,1329,,2025-02-07,False
steep,1330,,2025-02-08,False
bonus,1331,,2025-02-09,False
goody,1332,,2025-02-10,False
score,1333,,2025-02-11,False
rapid,1334,,2025-02-12,False
rumba,1335,,2025-02-13,False
ditty,1336,,2025-02-14,False
crook,1337,,2025-02-15,False
suave,1338,,2025-02-16,False
trail,1339,,2025-02-17,False
indie,1340,,2025-02-18,False
madly,1341,,2025-02-19,False
roach,1342,,2025-02-20,False
clove,1343,,2025-02-21,False
cream,1344,,2025-02-22,False
otter,1345,,2025-02-23,False
gland,1346,,2025-02-24,False
dryer,1347,,2025-02-25,False
award,1348,,2025-02-26,False
lodge,1349,,2025-02-27,False
fuzzy,1350,,2025-02-28,False
hover,1351,,2025-03-01,False
deity,1352,,2025-03-02,False
spear,1353,,2025-03-03,False
check,1354,,2025-03-04,False
scrum,1355,,2025-03-05,False
alert,1356,,2025-03-06,False
troop,1357,,2025-03-07,False
navel,1358,,2025-03-08,False
greed,1359,,2025-03-09,False
spite,1360,,2025-03-10,False
track,1361,,2025-03-11,False
mango,1362,,2025-03-12,False
chase,1363,,2025-03-13,False
piece,1364,,2025-03-14,False
ladle,1365,,2025-03-15,False
stamp,1366,,2025-03-16,False
lasso,1367,,2025-03-17,False
timer,1368,,2025-03-18,False
spark,1369,,2025-03-19,False
baste,1370,,2025-03-20,False
nudge,1371,,2025-03-21,False
amble,1372,,2025-03-22,False
dopey,1373,,2025-03-23,False
angle,1374,,2025-03-24,False
shelf,1375,,2025-03-25,False
elbow,1376,,2025-03-26,False
sheet,1377,,2025-03-27,False
verse,1378,,2025-03-28,False
sorry,1379,,2025-03-29,False
quota,1380,,2025-03-30,False
booty,1381,,2025-03-31,False
jewel,1382,,2025-04-01,False
curse,1383,,2025-04-02,False
shear,1384,,2025-04-03,False
krill,1385,,2025-04-04,False
foamy,1386,,2025-04-05,False
villa,1387,,2025-04-06,False
hazel,1388,,2025-04-07,False
spare,1389,,2025-04-08,False
wheat,1390,,2025-04-09,False
turbo,1391,,2025-04-10,False
arrow,1392,,2025-04-11,False
nurse,1393,,2025-04-12,False
laugh,1394,,2025-04-13,False
crest,1395,,2025-04-14,False
ashen,1396,,2025-04-15,False
moral,1397,,2025-04-16,False
stood,1398,,2025-04-17,False
dirge,1399,,2025-04-18,False
inbox,1400,,2025-04-19,False
patch,1401,,2025-04-20,False
spate,1402,,2025-04-21,False
artsy,1403,,2025-04-22,False
ozone,1404,,2025-04-23,False
genie,1405,,2025-04-24,False
known,1406,,2025-04-25,False
clash,1407,,2025-04-26,False
weedy,1408,,2025-04-27,False
dummy,1409,,2025-04-28,False
bliss,1410,,2025-04-29,False
idler,1411,,2025-04-30,False
adept,1412,,2025-05-01,False
whose,1413,,2025-05-02,False
patsy,1414,,2025-05-03,False
trout,1415,,2025-05-04,False
shush,1416,,2025-05-05,False
suite,1417,,2025-05-06,False
macho,1418,,2025-05-07,False
balmy,1419,,2025-05-08,False
tripe,1420,,2025-05-09,False
yeast,1421,,2025-05-10,False
dowel,1422,,2025-05-11,False
bicep,1423,,2025-05-12,False
aware,1424,,2025-05-13,False
bongo,1425,,2025-05-14,False
eager,1426,,2025-05-15,False
fifth,1427,,2025-05-16,False
grown,1428,,2025-05-17,False
livid,1429,,2025-05-18,False
pitch,1430,,2025-05-19,False
borne,1431,,2025-05-20,False
alarm,1432,,2025-05-21,False
folio,1433,,2025-05-22,False
shuck,1434,,2025-05-23,False
suede,1435,,2025-05-24,False
grift,1436,,2025-05-25,False
drone,1437,,2025-05-26,False
sport,1438,,2025-05-27,False
polar,1439,,2025-05-28,False
quash,1440,,2025-05-29,False
idiom,1441,,2025-05-30,False
habit,1442,,2025-05-31,False
rough,1443,,2025-06-01,False
preen,1444,,2025-06-02,False
admin,1445,,2025-06-03,False
cease,1446,,2025-06-04,False
datum,1447,,2025-06-05,False
edify,1448,,2025-06-06,False
reuse,1449,,2025-06-07,False
lease,1450,,2025-06-08,False
board,1451,,2025-06-09,False
taffy,1452,,2025-06-10,False
plaid,1453,,2025-06-11,False
vixen,1454,,2025-06-12,False
bilge,1455,,2025-06-13,False
ghost,1456,,2025-06-14,False
quail,1457,,2025-06-15,False
petty,1458,,2025-06-16,False
prank,1459,,2025-06-17,False
munch,1460,,2025-06-18,False
curio,1461,,2025-06-19,False
taupe,1462,,2025-06-20,False
glade,1463,,2025-06-21,False
thrum,1464,,2025-06-22,False
oddly,1465,,2025-06-23,False
elite,1466,,2025-06-24,False
comfy,1467,,2025-06-25,False
offer,1468,,2025-06-26,False
plain,1469,,2025-06-27,False
stump,1470,,2025-06-28,False
witty,1471,,2025-06-29,False
blink,1472,,2025-06-30,False
moldy,1473,,2025-07-01,False
incur,1474,,2025-07-02,False
poppy,1475,,2025-07-03,False
curve,1476,,2025-07-04,False
baler,1477,,2025-07-05,False
atria,1478,,2025-07-06,False
stilt,1479,,2025-07-07,False
dread,1480,,2025-07-08,False
novel,1481,,2025-07-09,False
jumpy,1482,,2025-07-10,False
brand,1483,,2025-07-11,False
exile,1484,,2025-07-12,False
gnome,1485,,2025-07-13,False
undid,1486,,2025-07-14,False
foist,1487,,2025-07-15,False
nervy,1488,,2025-07-16,False
modal,1489,,2025-07-17,False
loris,1490,,2025-07-18,False
sword,1491,,2025-07-19,False
blank,1492,,2025-07-20,False
tizzy,1493,,2025-07-21,False
burnt,1494,,2025-07-22,False
water,1495,,2025-07-23,False
quake,1496,,2025-07-24,False
gofer,1497,,2025-07-25,False
haunt,1498,,2025-07-26,False
whole,1499,,2025-07-27,False
savvy,1500,,2025-07-28,False
omega,1501,,2025-07-29,False
assay,1502,,2025-07-30,False
frill,1503,,2025-07-31,False
banjo,1504,,2025-08-01,False
daunt,1505,,2025-08-02,False
lumpy,1506,,2025-08-03,False
rigid,1507,,2025-08-04,False
stork,1508,,2025-08-05,False
groan,1509,,2025-08-06,False
coral,1510,,2025-08-07,False
imbue,1511,,2025-08-08,False
nasal,1512,,2025-08-09,False
minty,1513,,2025-08-10,False
south,1514,,2025-08-11,False
nomad,1515,,2025-08-12,False
kefir,1516,,2025-08-13,False
knell,1517,,2025-08-14,False
level,1518,,2025-08-15,False
matte,1519,,2025-08-16,False
lousy,1520,,2025-08-17,False
issue,1521,,2025-08-18,False
rowdy,1522,,2025-08-19,False
llama,1523,,2025-08-20,False
extol,1524,,2025-08-21,False
ratty,1525,,2025-08-22,False
union,1526,,2025-08-23,False
spore,1527,,2025-08-24,False
mirth,1528,,2025-08-25,False
annex,1529,,2025-08-26,False
tower,1530,,2025-08-27,False
split,1531,,2025-08-28,False
graft,1532,,2025-08-29,False
elate,1533,,2025-08-30,False
petal,1534,,2025-08-31,False
least,1535,,2025-09-01,False
might,1536,,2025-09-02,False
fetch,1537,,2025-09-03,False
blend,1538,,2025-09-04,False
drift,1539,,2025-09-05,False
bulge,1540,,2025-09-06,False
tenor,1541,,2025-09-07,False
chirp,1542,,2025-09-08,False
trick,1543,,2025-09-09,False
pouty,1544,,2025-09-10,False
chair,1545,,2025-09-11,False
throb,1546,,2025-09-12,False
nadir,1547,,2025-09-13,False
noisy,1548,,2025-09-14,False
along,1549,,2025-09-15,False
lefty,1550,,2025-09-16,False
teeth,1551,,2025-09-17,False
knife,1552,,2025-09-18,False
later,1553,,2025-09-19,False
defer,1554,,2025-09-20,False
coven,1555,,2025-09-21,False
quill,1556,,2025-09-22,False
mouth,1557,,2025-09-23,False
blunt,1558,,2025-09-24,False
drape,1559,,2025-09-25,False
dally,1560,,2025-09-26,False
fritz,1561,,2025-09-27,False
gooey,1562,,2025-09-28,False
civil,1563,,2025-09-29,False
geese,1564,,2025-09-30,False
spoil,1565,,2025-10-01,False
width,1566,,2025-10-02,False
spasm,1567,,2025-10-03,False
relay,1568,,2025-10-04,False
plane,1569,,2025-10-05,False
amuse,1570,,2025-10-06,False
nylon,1571,,2025-10-07,False
annoy,1572,,2025-10-08,False
hardy,1573,,2025-10-09,False
lever,1574,,2025-10-10,False
stack,1575,,2025-10-11,False
wound,1576,,2025-10-12,False
beard,1577,,2025-10-13,False
forum,1578,,2025-10-14,False
spoof,1579,,2025-10-15,False
catty,1580,,2025-10-16,False
gross,1581,,2025-10-17,False
haven,1582,,2025-10-18,False
ideal,1583,,2025-10-19,False
limbo,1584,,2025-10-20,False
detox,1585,,2025-10-21,False
stunt,1586,,2025-10-22,False
drill,1587,,2025-10-23,False
tuber,1588,,2025-10-24,False
gauge,1589,,2025-10-25,False
plump,1590,,2025-10-26,False
fetid,1591,,2025-10-27,False
holly,1592,,2025-10-28,False
glare,1593,,2025-10-29,False
lathe,1594,,2025-10-30,False
abhor,1595,,2025-10-31,False
motel,1596,,2025-11-01,False
rabid,1597,,2025-11-02,False
awoke,1598,,2025-11-03,False
venue,1599,,2025-11-04,False
short,1600,,2025-11-05,False
guise,1601,,2025-11-06,False
peril,1602,,2025-11-07,False
arise,1603,,2025-11-08,False
fugue,1604,,2025-11-09,False
tabby,1605,,2025-11-10,False
gizmo,1606,,2025-11-11,False
deuce,1607,,2025-11-12,False
tinge,1608,,2025-11-13,False
lurid,1609,,2025-11-14,False
clung,1610,,2025-11-15,False
wield,1611,,2025-11-16,False
clamp,1612,,2025-11-17,False
opine,1613,,2025-11-18,False
maker,1614,,2025-11-19,False
grave,1615,,2025-11-20,False
vowel,1616,,2025-11-21,False
thick,1617,,2025-11-22,False
bunny,1618,,2025-11-23,False
dough,1619,,2025-11-24,False
plead,1620,,2025-11-25,False
hovel,1621,,2025-11-26,False
remit,1622,,2025-11-27,False
colic,1623,,2025-11-28,False
gruff,1624,,2025-11-29,False
muggy,1625,,2025-11-30,False
leach,1626,,2025-12-01,False
cacti,1627,,2025-12-02,False
haste,1628,,2025-12-03,False
tulip,1629,,2025-12-04,False
among,1630,,2025-12-05,False
waist,1631,,2025-12-06,False
flute,1632,,2025-12-07,False
gravy,1633,,2025-12-08,False
snide,1634,,2025-12-09,False
erase,1635,,2025-12-10,False
guess,1636,,2025-12-11,False
truck,1637,,2025-12-12,False
miser,1638,,2025-12-13,False
swing,1639,,2025-12-14,False
dodgy,1640,,2025-12-15,False
segue,1641,,2025-12-16,False
grass,1642,,2025-12-17,False
rugby,1643,,2025-12-18,False
myrrh,1644,,2025-12-19,False
white,1645,,2025-12-20,False
quilt,1646,,2025-12-21,False
conch,1647,,2025-12-22,False
glint,1648,,2025-12-23,False
spool,1649,,2025-12-24,False
prism,1650,,2025-12-25,False
speed,1651,,2025-12-26,False
batch,1652,,2025-12-27,False
abbot,1653,,2025-12-28,False
fruit,1654,,2025-12-29,False
decor,1655,,2025-12-30,False
siren,1656,,2025-12-31,False
fable,1657,,2026-01-01,False
proof,1658,,2026-01-02,False
sitar,1659,,2026-01-03,False
posse,1660,,2026-01-04,False
filly,1661,,2026-01-05,False
oomph,1662,,2026-01-06,False
pecan,1663,,2026-01-07,False
blast,1664,,2026-01-08,False
eight,1665,,2026-01-09,False
manic,1666,,2026-01-10,False
quark,1667,,2026-01-11,False
trial,1668,,2026-01-12,False
gumbo,1669,,2026-01-13,False
avoid,1670,,2026-01-14,False
chasm,1671,,2026-01-15,False
racer,1672,,2026-01-16,False
fiery,1673,,2026-01-17,False
sumac,1674,,2026-01-18,False
waxen,1675,,2026-01-19,False
sully,1676,,2026-01-20,False
cubic,1677,,2026-01-21,False
clink,1678,,2026-01-22,False
baron,1679,,2026-01-23,False
cliff,1680,,2026-01-24,False
strut,1681,,2026-01-25,False
freak,1682,,2026-01-26,False
dusky,1683,,2026-01-27,False
cruel,1684,,2026-01-28,False
flaky,1685,,2026-01-29,False
jumbo,1686,,2026-01-30,False
allot,1687,,2026-01-31,False
spiny,1688,,2026-02-01,False
cigar,1689,,2026-02-02,True
weigh,1690,,2026-02-03,False
chide,1691,,2026-02-04,False
swoop,1692,,2026-02-05,False
gavel,1693,,2026-02-06,False
bleat,1694,,2026-02-07,False
embed,1695,,2026-02-08,False
cello,1696,,2026-02-09,False
scene,1697,,2026-02-10,False
vegan,1698,,2026-02-11,False
surge,1699,,2026-02-12,False
mooch,1700,,2026-02-13,False
bloom,1701,,2026-02-14,False
skull,1702,,2026-02-15,False
roost,1703,,2026-02-16,False
squad,1704,,2026-02-17,True
mogul,1705,,2026-02-18,False
hoist,1706,,2026-02-19,False
stank,1707,,2026-02-20,False
awake,1708,,2026-02-21,True
guava,1709,,2026-02-22,False
attic,1710,,2026-02-23,False
buyer,1711,,2026-02-24,False
shred,1712,,2026-02-25,False
lance,1713,,2026-02-26,False
dizzy,1714,,2026-02-27,False
hydra,1715,,2026-02-28,False
fluke,1716,,2026-03-01,False
slime,1717,,2026-03-02,False
linen,1718,,2026-03-03,True
theft,1719,,2026-03-04,False
sheep,1720,,2026-03-05,False
gunky,1721,,2026-03-06,False
vogue,1722,,2026-03-07,False
lobby,1723,,2026-03-08,False
hasty,1724,,2026-03-09,False
shoal,1725,,2026-03-10,False
teddy,1726,,2026-03-11,False
smell,1727,,2026-03-12,False
eaten,1728,,2026-03-13,False
ankle,1729,,2026-03-14,False
grade,1730,,2026-03-15,True
drama,1731,,2026-03-16,False
clasp,1732,,2026-03-17,False
amply,1733,,2026-03-18,False
rehab,1734,,2026-03-19,False
oasis,1735,,2026-03-20,False
slick,1736,,2026-03-21,False
basil,1737,,2026-03-22,False
serif,1738,,2026-03-23,False
brood,1739,,2026-03-24,False
wiser,1740,,2026-03-25,False
befit,1741,,2026-03-26,False
ivory,1742,,2026-03-27,True
afoot,1743,,2026-03-28,False
chump,1744,,2026-03-29,False
comet,1745,,2026-03-30,True
swamp,1746,,2026-03-31,False
fizzy,1747,,2026-04-01,False
sober,1748,,2026-04-02,False
singe,1749,,2026-04-03,False
sandy,1750,,2026-04-04,True
envoy,1751,,2026-04-05,False
sworn,1752,,2026-04-06,False
dense,1753,,2026-04-07,False
inlet,1754,,2026-04-08,False
laden,1755,,2026-04-09,False
carom,1756,,2026-04-10,False
prude,1757,,2026-04-11,False
alley,1758,,2026-04-12,False
elfin,1759,,2026-04-13,False
cycle,1760,,2026-04-14,False
begun,1761,,2026-04-15,False
cubit,1762,,2026-04-16,False
belle,1763,,2026-04-17,False
toady,1764,,2026-04-18,False
stand,1765,,2026-04-19,True
weave,1766,,2026-04-20,False
clump,1767,,2026-04-21,False
snore,1768,,2026-04-22,False
tweet,1769,,2026-04-23,False
drunk,1770,,2026-04-24,False
women,1771,,2026-04-25,False
gloss,1772,,2026-04-26,False
eerie,1773,,2026-04-27,False
quack,1774,,2026-04-28,False
rural,1775,,2026-04-29,False
crock,1776,,2026-04-30,False
plume,1777,,2026-05-01,False
bring,1778,,2026-05-02,True
puffy,1779,,2026-05-03,False
riser,1780,,2026-05-04,False
latch,1781,,2026-05-05,False
liken,1782,,2026-05-06,False
budge,1783,,2026-05-07,False
umbra,1784,,2026-05-08,False
satin,1785,,2026-05-09,False
parka,1786,,2026-05-10,False
newly,1787,,2026-05-11,False
clock,1788,,2026-05-12,True
dowdy,1789,,2026-05-13,False
waver,1790,,2026-05-14,False
creed,1791,,2026-05-15,False
mover,1792,,2026-05-16,False
bylaw,1793,,2026-05-17,False
loath,1794,,2026-05-18,False
dusty,1795,,2026-05-19,False
wreck,1796,,2026-05-20,False
agree,1797,,2026-05-21,True
vocal,1798,,2026-05-22,False
chuck,1799,,2026-05-23,False
niece,1800,,2026-05-24,False
visit,1801,,2026-05-25,False
couch,1802,,2026-05-26,False
stuff,1803,,2026-05-27,False
divot,1804,,2026-05-28,False
clang,1805,,2026-05-29,False
smile,1806,,2026-05-30,True
etude,1807,,2026-05-31,False
chili,1808,,2026-06-01,False
basis,1809,,2026-06-02,False
notch,1810,,2026-06-03,False
alloy,1811,,2026-06-04,False
nobly,1812,,2026-06-05,False
morph,1813,,2026-06-06,False
thumb,1814,,2026-06-07,True
mafia,1815,,2026-06-08,False
wharf,1816,,2026-06-09,False
align,1817,,2026-06-10,False
testy,1818,,2026-06-11,False
break,1819,,2026-06-12,True
quell,1820,,2026-06-13,False
sepia,1821,,2026-06-14,False
broil,1822,,2026-06-15,False
amaze,1823,,2026-06-16,False
token,1824,,2026-06-17,False
entry,1825,,2026-06-18,False
emoji,1826,,2026-06-19,False
drake,1827,,2026-06-20,False
alibi,1828,,2026-06-21,False
ovate,1829,,2026-06-22,False
curry,1830,,2026-06-23,False
queer,1831,,2026-06-24,False
unity,1832,,2026-06-25,False
acute,1833,,2026-06-26,True
scoop,1834,,2026-06-27,False
emcee,1835,,2026-06-28,False
crude,1836,,2026-06-29,False
puppy,1837,,2026-06-30,False
demur,1838,,2026-07-01,False
maven,1839,,2026-07-02,False
baton,1840,,2026-07-03,True
pizza,1841,,2026-07-04,False
swami,1842,,2026-07-05,False
toddy,1843,,2026-07-06,False
sling,1844,,2026-07-07,False
demon,1845,,2026-07-08,False
amend,1846,,2026-07-09,False
canal,1847,,2026-07-10,False
avian,1848,,2026-07-11,False
clack,1849,,2026-07-12,False
stout,1850,,2026-07-13,True
steak,1851,,2026-07-14,False
pshaw,1852,,2026-07-15,False
butte,1853,,2026-07-16,False
legal,1854,,2026-07-17,False
booth,1855,,2026-07-18,False
churn,1856,,2026-07-19,False
diver,1857,,2026-07-20,False
shill,1858,,2026-07-21,False
lorry,1859,,2026-07-22,False
orbit,1860,,2026-07-23,False
putty,1861,,2026-07-24,False
aloha,1862,,2026-07-25,False
grape,1863,,2026-07-26,False
poser,1864,,2026-07-27,False
sonar,1865,,2026-07-28,False
valve,1866,,2026-07-29,False
flume,1867,,2026-07-30,True
purse,1868,,2026-07-31,False
slush,1869,,2026-08-01,False
penal,1870,,2026-08-02,False
reply,1871,,2026-08-03,False
motif,1872,,2026-08-04,False
posit,1873,,2026-08-05,False
gripe,1874,,2026-08-06,False
feign,1875,,2026-08-07,False
privy,1876,,2026-08-08,False
clunk,1877,,2026-08-09,False
snipe,1878,,2026-08-10,False
fence,1879,,2026-08-11,False
wimpy,1880,,2026-08-12,False
crash,1881,,2026-08-13,False
geode,1882,,2026-08-14,False
loose,1883,,2026-08-15,False
aspic,1884,,2026-08-16,False
tribe,1885,,2026-08-17,False
strip,1886,,2026-08-18,False
grill,1887,,2026-08-19,False
murky,1888,,2026-08-20,False
trace,1889,,2026-08-21,False
prawn,1890,,2026-08-22,False
olden,1891,,2026-08-23,False
runny,1892,,2026-08-24,False
click,1893,,2026-08-25,False
capon,1894,,2026-08-26,False
uncut,1895,,2026-08-27,False
tween,1896,,2026-08-28,False
blood,1897,,2026-08-29,False
intel,1898,,2026-08-30,False
mound,1899,,2026-08-31,False
remix,1900,,2026-09-01,False
ruler,1901,,2026-09-02,False
joist,1902,,2026-09-03,False
wager,1903,,2026-09-04,False
soupy,1904,,2026-09-05,False
beige,1905,,2026-09-06,False
blind,1906,,2026-09-07,False
liven,1907,,2026-09-08,False
burst,1908,,2026-09-09,False
dryly,1909,,2026-09-10,False
aster,1910,,2026-09-11,False
nifty,1911,,2026-09-12,False
focus,1912,,2026-09-13,False
rinse,1913,,2026-09-14,False
dealt,1914,,2026-09-15,False
wispy,1915,,2026-09-16,False
theta,1916,,2026-09-17,False
snowy,1917,,2026-09-18,False
waken,1918,,2026-09-19,False
shone,1919,,2026-09-20,False
pager,1920,,2026-09-21,False
stoke,1921,,2026-09-22,False
forth,1922,,2026-09-23,False
